,healthy,,,,,,,,,,,,,,,unhealthy,,,,,,,,,,,,,,,,,,
Country,"Aquatic Products, Other",Offals,"Fish, Seafood","[Aquatic Products, Other] + [Offals] + [Fish, Seafood]",Cereals - Excluding Beer,Eggs,Milk - Excluding Butter,[Eggs] + [Milk - Excluding Butter],Fruits - Excluding Wine,Pulses,Starchy Roots,Treenuts,Vegetables,Vegetal Products,[Vegetables] + [Vegetal Products],Animal fats,Animal Products,Meat,[Animal fats] + [Animal Products] + [Meat],Oilcrops,Vegetable Oils,[Oilcrops] + [Vegetable Oils],Sugar & Sweeteners,Sugar Crops,[Sugar & Sweeteners] + [Sugar Crops],Obesity,Undernourished,*Undernourished,Confirmed,Deaths,Confirmed (%),Deaths (%),Population,Unit (all except Population)
Afghanistan,0,0.2057,0.035,0.2407,24.8097,0.2099,7.5828,7.7927,5.3495,0.2953,0.8802,0.077,6.7642,40.5645,47.3287,0.1973,9.4341,1.202,10.8334,0.07,0.5345,0.6045,1.3489,0,1.3489,4.5,29.8,29.8,"156,210","7,272",0.004,0,38928000,%
Albania,0,0.2324,0.2126,0.445,5.7817,0.5815,15.7213,16.3028,6.7861,0.238,1.8096,0.1515,11.7753,31.2304,43.0057,0.1357,18.7684,1.8845,20.7886,0.9377,0.3261,1.2638,1.5367,0,1.5367,22.3,6.2,6.2,"184,887",2916,0.065,0.001,2838000,%
Algeria,0,0.087,0.2416,0.3286,13.6816,0.5277,7.6189,8.1466,6.3801,0.4783,4.134,0.1152,11.6484,40.3651,52.0135,0.0282,9.6334,1.1305,10.7921,0.3493,1.031,1.3803,1.8342,0,1.8342,26.6,3.9,3.9,"206,358",5918,0.005,0,44357000,%
Angola,0,0.155,1.7707,1.9257,9.1085,0.0587,0.8311,0.8898,6.0005,0.6507,18.1102,0.0061,2.3041,45.0722,47.3763,0.056,4.9278,2.0571,7.0409,0.4186,0.6463,1.0649,1.8495,0,1.8495,6.8,25,25,"64,374",1708,0.002,0,32522000,%
Antigua and Barbuda,0,0.2219,4.1489,4.3708,5.996,0.2274,6.3663,6.5937,10.7451,0.184,1.4522,0.0253,5.4495,33.3233,38.7728,0.0087,16.6613,5.6888,22.3588,0.2172,0.8102,1.0274,3.8749,0,3.8749,19.1,NA,NA,"4,058",102,0.041,0.001,98000,%
Argentina,0,0.3779,0.4693,0.8472,8.4102,0.9979,10.2328,11.2307,6.0435,0.0528,3.042,0.02,4.3503,30.6559,35.0062,0.2234,19.3454,7.0421,26.6109,0.0116,0.9541,0.9657,3.0536,0,3.0536,28.5,4.6,4.6,"5,288,259","115,942",0.117,0.003,45377000,%
Armenia,0,0.304,0.2896,0.5936,7.2982,0.5783,9.9407,10.519,6.0989,0.1441,2.0359,0.1108,16.7019,36.4358,53.1377,0.1833,13.564,2.2675,16.0148,0.0899,0.4705,0.5604,2.6579,0,2.6579,20.9,4.3,4.3,"306,739","6,284",0.104,0.002,2956000,%
Australia,0.0033,0.424,1.4264,1.8537,5.4979,0.4428,12.1018,12.5446,4.1883,0.0546,2.7884,0.3176,5.1406,28.5806,33.7212,0.3143,21.4175,6.7049,28.4367,0.3694,1.2798,1.6492,2.5364,0,2.5364,30.4,<2.5,2,"170,564","1,735",0.007,0,25754000,%
Austria,0.0011,0.1052,0.7562,0.8625,6.2116,0.7884,12.3776,13.166,4.6069,0.0456,3.0548,0.2367,5.1098,30.4338,35.5436,0.8555,19.5654,4.681,25.1019,0.2683,0.8109,1.0792,2.6094,0,2.6094,21.9,<2.5,2,"825,297","11,345",0.093,0.001,8914000,%
Azerbaijan,0,0.1534,0.202,0.3554,13.0898,0.5593,8.3212,8.8805,4.7988,0.0347,4.7041,0.1906,10.0755,38.3584,48.4339,0.2544,11.6416,2.1513,14.0473,0.0145,0.2235,0.238,1.5523,0,1.5523,19.9,<2.5,2,"529,109","7,049",0.052,0.001,10108000,%
Bahamas,9.00E-04,0.3218,2.4144,2.7371,3.7246,0.625,2.1757,2.8007,13.2718,0.0504,1.0547,0.0495,7.7649,38.5229,46.2878,0.0062,11.4718,5.9269,17.4049,0.6993,0.511,1.2103,6.2151,0,6.2151,32.1,NA,NA,"22,351",643,0.057,0.002,393000,%
Bangladesh,0,0.0633,2.5221,2.5854,29.8045,0.2957,1.8778,2.1735,2.8655,0.7065,5.3378,0.0934,3.6405,44.8033,48.4438,0.0156,5.1926,0.4191,5.6273,0.082,0.7615,0.8435,0.9285,0.195,1.1235,3.4,14.7,14.7,"1,569,328","27,862",0.009,0,169809000,%
Barbados,0,0.1704,3.275,3.4454,8.0666,0.7792,2.2041,2.9833,5.8723,0.6391,4.0812,0.0852,5.4725,37.5167,42.9892,0.2212,12.4976,5.8477,18.5665,0.8734,0.8677,1.7411,4.3344,0,4.3344,24.8,3.9,3.9,"17,465",152,0.061,0.001,287000,%
Belarus,0,0.3795,0.8372,1.2167,6.2814,0.7565,6.2104,6.9669,3.5665,0.001,9.1691,0.1399,8.7859,37.2904,46.0763,0.3353,12.7089,4.1893,17.2335,0.072,0.8804,0.9524,4.0155,0,4.0155,26.6,<2.5,2,"598,183","4,614",0.064,0,9375000,%
Belgium,0.001,0.2185,1.1325,1.352,6.6704,0.6487,11.6344,12.2831,4.1623,0.1132,4.4157,0.1309,6.8161,32.2637,39.0798,0.8559,17.7279,3.237,21.8208,0.0965,0.564,0.6605,3.6514,0,3.6514,24.5,<2.5,2,"1,360,650","25,994",0.118,0.002,11515000,%
Belize,0,0.0569,1.0325,1.0894,11.07,0.3923,3.6317,4.024,12.6094,1.1259,1.0614,0.034,4.7721,41.3122,46.0843,0.0832,8.6856,3.489,12.2578,0.394,1.0198,1.4138,3.9798,0,3.9798,22.4,7.5,7.5,"26,798",491,0.064,0.001,419000,%
Benin,0,0.0829,1.2267,1.3096,9.623,0.0711,0.9458,1.0169,2.9523,0.7367,19.7771,0.4028,4.1964,46.2493,50.4457,0.0132,3.7504,1.4107,5.1743,0.6628,0.7381,1.4009,0.6635,0,0.6635,8.2,10.1,10.1,"24,749",161,0.002,0,12209000,%
Bolivia,0,0.1006,0.2307,0.3313,12.3079,0.6626,4.2873,4.9499,7.5088,0.3654,7.7315,0.7084,3.2224,38.2165,41.4389,0.0889,11.7799,6.4098,18.2786,0.1374,0.3573,0.4947,2.5724,0,2.5724,18.7,17.1,17.1,"513,584","18,925",0.044,0.002,11633000,%
Bosnia and Herzegovina,0,0.1089,0.2465,0.3554,8.7152,0.2576,9.9443,10.2019,4.6409,0.2718,4.0495,0.0822,11.6394,37.5645,49.2039,0.0585,12.4319,1.8165,14.3069,0.0963,0.4205,0.5168,1.6391,0,1.6391,19.4,<2.5,2,"252,758","11,495",0.077,0.004,3281000,%
Botswana,0,0.3056,0.3551,0.6607,11.432,0.1402,11.0217,11.1619,2.8465,0.2729,4.7614,0.015,4.0558,35.5491,39.6049,0.3402,14.4486,2.284,17.0728,0.2019,1.0065,1.2084,4.7857,9.00E-04,4.7866,16.1,26.4,26.4,"186,594","2,406",0.081,0.001,2317000,%
Brazil,0,0.1512,0.5899,0.7411,8.4292,0.5042,9.3416,9.8458,6.0936,0.9254,3.3959,0.0513,3.307,32.6537,35.9607,0.2803,17.347,6.4784,24.1057,0.7093,1.2823,1.9916,2.7755,1.0111,3.7866,22.3,<2.5,2,"21,804,094","607,694",0.103,0.003,211812000,%
Bulgaria,0.0103,0.3058,0.4845,0.8006,8.875,0.5924,11.5992,12.1916,3.9812,0.1512,1.8576,0.0797,6.2037,32.7435,38.9472,0.2488,17.2483,4.0073,21.5044,0.345,0.7085,1.0535,2.3627,0,2.3627,27.4,3.6,3.6,"601,035","23,918",0.087,0.003,6927000,%
Burkina Faso,0,0.1664,0.7077,0.8741,21.2005,0.2406,2.3195,2.5601,0.6596,1.4294,0.9723,0.0712,1.5036,45.3359,46.8395,0.0231,4.6611,1.2029,5.8871,1.8664,0.9503,2.8167,1.1287,0,1.1287,4.5,20,20,"14,793",214,0.001,0,20903000,%
Cabo Verde,0.0029,0.105,1.0598,1.1677,14.7961,0.4602,5.0192,5.4794,4.6402,1.139,3.843,0.0258,6.6338,40.2437,46.8775,0.0363,9.7559,3.0725,12.8647,0.5394,0.9471,1.4865,2.1396,0,2.1396,10.6,12.6,12.6,"38,207",349,0.069,0.001,556000,%
Cambodia,0,0.1211,4.2369,4.358,24.8906,0.131,0.3285,0.4595,2.3184,0.4903,3.0519,0.0238,3.0072,43.9195,46.9267,0.0377,6.08,1.2247,7.3424,0.79,0.2511,1.0411,2.9923,0.8367,3.829,3.5,16.4,16.4,"118,427","2,781",0.008,0,15497000,%
Cameroon,0,0.0673,1.3206,1.3879,10.3112,0.0256,0.6289,0.6545,7.2151,1.4734,11.3883,0.1324,8.859,47.067,55.926,0.0146,2.933,0.876,3.8236,0.8658,0.6398,1.5056,0.6479,0,0.6479,9.5,9.9,9.9,"102,499","1,686",0.004,0,26598000,%
Canada,0.006,0.0097,1.2148,1.2305,6.4236,0.7668,8.7596,9.5264,5.0692,0.6304,3.494,0.1439,5.4961,33.9551,39.4512,0.8084,16.0365,4.4707,21.3156,0.4334,1.3441,1.7775,5.0237,0,5.0237,31.3,<2.5,2,"1,721,419","29,016",0.045,0.001,38190000,%
Central African Republic,0,0.4338,0.8041,1.2379,3.8844,0.051,1.7581,1.8091,4.5543,0.8936,27.7128,0,1.9214,43.0942,45.0156,0.1228,6.9032,3.7346,10.7606,0.697,0.724,1.421,0.7022,0,0.7022,6.3,59.6,59.6,"11,518",100,0.002,0,4830000,%
Chad,0,1.2256,1.0451,2.2707,21.6017,0.0495,5.9037,5.9532,1.0669,1.4133,6.991,0,0.9141,37.7189,38.633,0.2023,12.2804,3.8543,16.337,3.0304,0.4556,3.486,1.3449,0,1.3449,4.8,37.5,37.5,"5,069",174,0,0,16877000,%
Chile,0.0155,0.0525,0.8711,0.9391,10.8579,0.7757,6.9966,7.7723,3.9109,0.2677,4.7183,0.119,5.3092,34.9584,40.2676,0.1782,15.0394,6.1492,21.3668,0.2588,0.5435,0.8023,3.5582,0,3.5582,28.8,2.7,2.7,"1,692,877","37,743",0.087,0.002,19470000,%
China,0.0542,0.8643,3.3435,4.262,8.9298,1.2059,1.7962,3.0021,4.2451,0.0704,1.9016,0.2665,13.099,36.5744,49.6734,0.0866,13.424,6.0732,19.5838,0.4401,0.579,1.0191,3.1065,0.0253,3.1318,6.6,8.5,8.5,"109,574","4,849",0,0,1402385000,%
Colombia,0,0.1729,0.4552,0.6281,8.1055,0.8132,7.7443,8.5575,11.3276,0.3503,5.0309,0.0947,3.0981,37.1774,40.2755,0.0814,12.821,3.554,16.4564,0.2276,0.9454,1.173,4.7518,0.028,4.7798,22.1,4.8,4.8,"5,000,677","127,258",0.101,0.003,49444000,%
Congo,0,0.3044,2.3945,2.6989,6.2564,0.0457,0.0963,0.142,4.0015,0.2408,23.2457,0.0016,2.552,43.8709,46.4229,0.0122,6.1258,3.2735,9.4115,0.3632,0.67,1.0332,1.3907,0,1.3907,8.4,40.3,40.3,"17,323",258,0.003,0,5518000,%
Costa Rica,7.00E-04,0.1161,1.3317,1.4485,8.6611,0.7582,12.4535,13.2117,9.5203,0.8354,1.5676,0.0397,2.9837,31.3238,34.3075,0.1529,18.677,3.8631,22.693,0.2914,1.4363,1.7277,3.9006,0,3.9006,25.7,4.8,4.8,"559,698","7,029",0.11,0.001,5111000,%
Cote d'Ivoire,0,0.2648,1.3914,1.6562,11.4585,0.1587,0.1285,0.2872,4.8741,0.1727,23.308,0.5443,2.8098,47.0806,49.8904,0.0132,2.9144,0.9586,3.8862,0.6055,0.8656,1.4711,0.7859,0,0.7859,9,19,19,"61,292",695,0.002,0,26175000,%
Croatia,5.00E-04,0.1889,0.9196,1.109,5.7726,0.3955,11.8824,12.2779,3.4094,0.0373,1.8078,0.0761,12.5188,32.6838,45.2026,0.2296,17.311,3.6945,21.2351,0.3494,0.3808,0.7302,3.088,0,3.088,27.1,<2.5,2,"467,029","9,198",0.116,0.002,4020000,%
Cuba,0,0.1456,0.3368,0.4824,9.9309,0.5263,5.5971,6.1234,9.0347,1.1336,5.1555,6.00E-04,8.374,39.9895,48.3635,0.1202,10.0096,3.2837,13.4135,0.5346,0.4535,0.9881,3.1617,0,3.1617,26.7,<2.5,2,"951,325","8,230",0.084,0.001,11281000,%
Cyprus,0.0015,0.1584,1.8209,1.9808,7.0646,0.5746,8.2744,8.849,6.198,0.211,1.7705,0.1781,7.3888,33.8191,41.2079,0.0277,16.1736,5.3167,21.518,0.4089,1.1937,1.6026,4.2194,0,4.2194,22.6,5.6,5.6,"124,017",575,0.103,0,1207000,%
Czechia,6.00E-04,0.134,0.5355,0.6701,5.6937,0.4964,10.983,11.4794,3.3962,0.1139,3.3991,0.0477,4.5289,32.1944,36.7233,0.8945,17.8065,4.7618,23.4628,0.0949,0.9854,1.0803,3.8081,0,3.8081,28.5,<2.5,2,"1,757,821","30,736",0.164,0.003,10716000,%
Denmark,0.001,0.3347,1.1797,1.5154,6.7226,0.8206,15.9557,16.7763,3.1098,0.0369,3.1113,0.1138,5.2431,26.7812,32.0243,1.2415,23.2141,3.6804,28.136,0.1185,0.0915,0.21,2.8728,0,2.8728,21.3,<2.5,2,"389,132","2,715",0.067,0,5829000,%
Djibouti,0,0.2572,0.4276,0.6848,20.2702,0.1275,2.9085,3.036,3.2735,1.5724,1.8633,0.0406,9.7637,44.4582,54.2219,0.0579,5.5215,1.7428,7.3222,0.0568,1.6153,1.6721,4.2005,0,4.2005,12.2,18.9,18.9,"13,478",181,0.014,0,988000,%
Dominica,0,0.1219,1.4188,1.5407,3.4014,0.1244,4.4217,4.5461,19.3028,0.2255,6.8477,0.0035,4.6371,41.0989,45.736,0.0319,8.9011,2.782,11.715,1.1058,0.3797,1.4855,3.1738,0,3.1738,28.2,6.2,6.2,"4,783",32,0.066,0,72000,%
Dominican Republic,6.00E-04,0.2567,0.6059,0.8632,6.9232,0.6445,6.1202,6.7647,18.4431,0.5881,2.0198,0.0108,2.7385,38.7577,41.4962,0.1122,11.2417,3.5009,14.8548,1.1395,1.2948,2.4343,2.1332,0,2.1332,26.9,9.5,9.5,"57,470","1,091",0.005,0,10500000,%
Ecuador,0.0328,0.22,0.6893,0.9421,14.9132,0.6902,9.5745,10.2647,8.039,0.157,2.2701,0.016,2.4981,34.6522,37.1503,0.1277,15.3469,4.0115,19.4861,0.1765,1.3777,1.5542,1.737,0,1.737,19.3,7.9,7.9,"515,859","32,958",0.029,0.002,17511000,%
Egypt,0,0.317,1.5844,1.9014,17.5311,0.2307,2.7568,2.9875,6.9387,0.3063,2.6919,0.0268,10.6559,43.2622,53.9181,0.0896,6.7374,1.7583,8.5853,0.6541,0.3839,1.038,1.7984,2.0338,3.8322,31.1,4.5,4.5,"330,084","18,592",0.003,0,100803000,%
El Salvador,0,0.0794,0.573,0.6524,11.7265,0.7533,8.7381,9.4914,5.9517,1.4661,2.2462,0.0155,7.2703,37.1029,44.3732,0.1113,12.888,2.6337,15.633,1.4273,0.4565,1.8838,3.526,0,3.526,22.7,9,9,"113,422","3,622",0.018,0.001,6481000,%
Estonia,5.00E-04,0.1457,0.7127,0.8589,6.3498,0.6145,17.3068,17.9213,3.5061,0.1472,3.2403,0.0886,4.9558,27.6779,32.6337,0.4556,22.3154,3.081,25.852,0.0518,0.3472,0.399,2.3886,0,2.3886,23.8,2.9,2.9,"192,092","1,516",0.144,0.001,1331000,%
Eswatini,0.0019,0.262,0.3643,0.6282,14.7814,0.1578,3.9299,4.0877,8.5537,0.3578,5.3187,0.0892,2.5701,42.5816,45.1517,0.1024,7.4118,2.5917,10.1059,0.3005,0.3258,0.6263,3.1796,0,3.1796,13.5,20.6,20.6,"46,413","1,242",0.042,0.001,1104000,%
Ethiopia,0,0.1382,0.0608,0.199,22.0779,0.0594,4.2647,4.3241,1.1774,3.0195,11.2918,0.0802,1.8449,44.6989,46.5438,0.0276,5.2956,0.7462,6.0694,0.2322,0.4699,0.7021,1.317,0,1.317,3.6,20.6,20.6,"364,960","6,451",0.003,0,114916000,%
Fiji,0.0021,0.1642,2.3832,2.5495,10.144,0.2682,1.7421,2.0103,2.1636,0.7746,7.8599,0.0157,3.9255,42.1469,46.0724,0.2922,7.8511,3.0004,11.1437,4.3799,0.8683,5.2482,9.7259,0,9.7259,30,3.7,3.7,"52,141",674,0.058,0.001,896000,%
Finland,0,0.1097,1.5306,1.6403,5.1978,0.3979,20.8378,21.2357,3.1864,0.0533,2.7671,0.046,3.8325,23.1132,26.9457,0.519,26.8865,3.4915,30.897,0.0883,0.2468,0.3351,1.8388,0,1.8388,24.9,<2.5,2,"157,531","1,158",0.028,0,5529000,%
France,0.0011,0.301,1.8214,2.1235,6.9951,0.611,13.784,14.395,4.878,0.0991,2.6963,0.2093,5.1223,28.2903,33.4126,0.7907,21.7097,4.4005,26.9009,0.1479,0.8675,1.0154,2.611,0,2.611,23.2,<2.5,2,"7,262,178","118,612",0.112,0.002,64940000,%
French Polynesia,0.0169,0.2748,3.4809,3.7726,7.6479,0.5386,2.9364,3.475,4.3512,0.1452,3.5436,0.0405,4.0992,35.6559,39.7551,0.0309,14.3585,7.0798,21.4692,3.1818,0.9675,4.1493,2.8715,0.6809,3.5524,NA,4.2,4.2,,,0,0,280000,%
Gabon,0,0.5758,2.2578,2.8336,9.1158,0.0701,0.9486,1.0187,9.0341,0.0139,11.8727,0.0051,2.3979,41.8004,44.1983,0.0109,8.1825,4.32,12.5134,0.8509,0.4824,1.3333,1.2508,0.1248,1.3756,13.4,10.5,10.5,"35,525",239,0.016,0,2231000,%
Gambia,0,0.0812,3.9197,4.0009,21.8908,0.2008,4.8167,5.0175,0.8742,0.1281,0.8614,0.0897,2.4575,39.8291,42.2866,0.0114,10.1417,1.1134,11.2665,3.1637,2.2026,5.3663,4.1176,0,4.1176,8.7,10.2,10.2,"9,965",340,0.004,0,2417000,%
Georgia,0,0.1507,0.6622,0.8129,15.6253,0.5032,11.3605,11.8637,3.1735,0.0025,3.7542,0.1631,4.0993,34.4636,38.5629,0.2356,15.5347,2.6217,18.392,0.084,0.668,0.752,3.311,0,3.311,23.3,7.9,7.9,"715,865","10,003",0.193,0.003,3715000,%
Germany,0.0011,0.0747,0.6758,0.7516,6.0363,0.5947,14.1789,14.7736,3.6131,0.0419,3.5712,0.1903,5.0542,29.1443,34.1985,0.6715,20.8485,4.6524,26.1724,0.1701,0.8104,0.9805,2.507,0,2.507,25.7,<2.5,2,"4,608,512","95,734",0.055,0.001,83300000,%
Ghana,0,0.0917,1.4992,1.5909,6.323,0.0705,0.4178,0.4883,10.4274,0.392,24.6325,0.0364,1.6849,47.1041,48.789,0.0088,2.8956,0.8069,3.7113,0.7957,0.3655,1.1612,0.8128,0.2815,1.0943,9.7,5.5,5.5,"130,077","1,175",0.004,0,31073000,%
Greece,5.00E-04,0.1947,1.026,1.2212,7.2801,0.4539,12.0221,12.476,6.3296,0.2539,3.1307,0.6676,7.9134,32.3038,40.2172,0.2116,17.6914,3.7836,21.6866,0.8112,1.5237,2.3349,1.7744,0,1.7744,27.4,<2.5,2,"739,448","15,894",0.069,0.001,10700000,%
Grenada,0.0019,0.1266,2.5802,2.7087,7.6569,0.9226,2.7183,3.6409,11.0608,0.6417,2.2222,0.0143,3.6085,37.8648,41.4733,0.1276,12.1319,5.6546,17.9141,1.3768,0.9959,2.3727,5.448,0,5.448,20.2,NA,NA,"5,840",198,0.052,0.002,113000,%
Guatemala,0,0.1632,0.2807,0.4439,15.1579,1.4676,4.4093,5.8769,6.7124,1.6504,1.3316,0.198,5.7997,39.624,45.4237,0.0957,10.3765,3.9589,14.4311,0.5276,0.8747,1.4023,5.3058,0,5.3058,18.8,15.2,15.2,"601,402","15,050",0.033,0.001,18066000,%
Guinea,0,0.1692,0.8939,1.0631,17.2911,0.1648,1.4724,1.6372,7.9395,0.3925,11.7958,9.00E-04,4.4286,46.1202,50.5488,0.0213,3.8776,1.1561,5.055,0.9506,1.3271,2.2777,1.3368,0,1.3368,6.6,16.5,16.5,"30,653",385,0.002,0,12560000,%
Guinea-Bissau,0,0.2114,0.1666,0.378,21.6069,0.1038,2.1899,2.2937,6.366,0.2499,8.1087,0.4485,2.3642,45.0666,47.4308,0.0423,4.9295,2.2155,7.1873,0.328,1.8016,2.1296,0.7893,0,0.7893,8.2,28,28,"6,133",141,0.003,0,1927000,%
Guyana,0,0.0385,1.7011,1.7396,9.7847,0.1038,4.7277,4.8315,5.7954,0.3907,1.8384,0.0435,15.2061,40.8722,56.0783,0.0206,9.1155,2.5237,11.6598,1.8367,0.2779,2.1146,3.2325,0,3.2325,19.2,8.1,8.1,"35,548",913,0.045,0.001,787000,%
Haiti,0,0.1532,0.5064,0.6596,13.4196,0.0525,0.8765,0.929,12.0278,2.0067,11.48,0,2.0302,46.3997,48.4299,0.0402,3.5986,1.9687,5.6075,0.4829,0.8742,1.3571,2.0961,0,2.0961,20.5,49.3,49.3,"23,960",671,0.002,0,11403000,%
Honduras,0,0.1505,0.3339,0.4844,14.1699,0.4601,9.0154,9.4755,6.8464,1.3962,0.6796,0.0276,2.6599,36.3883,39.0482,0.1378,13.6048,3.508,17.2506,0.1749,1.2467,1.4216,5.9591,0,5.9591,19.4,12.9,12.9,"375,381","10,239",0.038,0.001,9864000,%
Hungary,7.00E-04,0.0052,0.4113,0.4172,7.5908,0.8885,12.4568,13.3453,3.0852,0.1906,3.046,0.0183,5.6788,29.9644,35.6432,1.0595,20.0268,5.2042,26.2905,0.0679,0.7214,0.7893,2.5433,0,2.5433,28.6,<2.5,2,"863,419","30,729",0.088,0.003,9767000,%
Iceland,0.0025,0.2232,4.6117,4.8374,4.1196,0.5557,13.0028,13.5585,4.8405,0.0376,1.9909,0.0752,3.6874,26.0331,29.7205,0.9461,23.97,4.6269,29.543,0.1759,0.4667,0.6426,3.9472,0,3.9472,23.1,<2.5,2,"13,492",33,0.037,0,368000,%
India,0,0.0311,0.6499,0.681,17.3821,0.3061,9.9889,10.295,5.4333,1.5709,2.7906,0.1526,7.5213,38.6568,46.1781,0.0028,11.3357,0.356,11.6945,0.728,0.7487,1.4767,1.7471,0,1.7471,3.8,14.5,14.5,"34,273,300","458,186",0.024,0,1400100000,%
Indonesia,9.00E-04,0.1702,3.9386,4.1097,24.3918,0.4911,0.5943,1.0854,5.5134,0.0988,4.6343,0.0564,3.8558,43.7438,47.5996,0.0309,6.2575,1.0316,7.32,2.2113,0.8579,3.0692,1.8481,0,1.8481,6.9,8.3,8.3,"4,243,835","143,388",0.016,0.001,271739000,%
Iran (Islamic Republic of),0.002,0.1405,0.7813,0.9238,14.0141,0.4916,3.5808,4.0724,7.9235,0.4729,3.2877,0.6421,12.5207,42.0701,54.5908,0.5369,7.9295,2.3965,10.8629,0.054,0.7706,0.8246,2.198,0,2.198,25.5,4.9,4.9,"5,916,211","126,126",0.07,0.001,84150000,%
Iraq,0,0.0396,0.445,0.4846,24.0855,1.2467,1.9902,3.2369,6.4975,0.4807,1.0842,0.1268,4.9563,43.7165,48.6728,0.0423,6.2809,2.5171,8.8403,0.3037,2.0139,2.3176,3.3755,0,3.3755,27.4,29,29,"2,054,202","23,138",0.052,0.001,39725000,%
Ireland,5.00E-04,0.0831,1.1942,1.2778,6.3057,0.4653,11.9469,12.4122,3.3996,0.1325,3.5362,0.0836,4.951,31.4242,36.3752,0.871,18.5712,4.0102,23.4524,0.1733,0.7497,0.923,4.0147,0,4.0147,26.9,<2.5,2,"443,631","5,436",0.089,0.001,5003000,%
Israel,0.0017,0.2007,1.4696,1.672,7.6277,0.5664,10.9066,11.473,6.3746,0.364,1.9975,0.2262,8.8586,31.2472,40.1058,0.1026,18.7463,5.5003,24.3492,0.5233,1.6743,2.1976,1.7747,0,1.7747,26.7,<2.5,2,"1,327,126","8,085",0.144,0.001,9216000,%
Italy,5.00E-04,0.1194,1.5816,1.7015,8.5417,0.6247,12.1258,12.7505,6.0207,0.2781,1.9043,0.423,6.9463,30.9671,37.9134,0.2834,19.0329,4.2963,23.6126,0.1836,1.4224,1.606,1.7175,0,1.7175,22.9,<2.5,2,"4,767,440","132,074",0.079,0.002,60296000,%
Jamaica,0.0074,0.2111,1.8692,2.0877,8.5031,0.1457,5.217,5.3627,8.0661,0.2177,4.5837,0.011,6.4772,38.0023,44.4795,0.2074,11.9958,4.3372,16.5404,0.999,0.7584,1.7574,4.6889,0,4.6889,24.4,8,8,"88,907","2,229",0.032,0.001,2809000,%
Japan,0.1088,0.1883,3.9283,4.2254,12.1692,1.696,5.063,6.759,2.8618,0.1287,2.2072,0.0812,7.8669,34.6776,42.5445,0.0751,15.3194,4.2599,19.6544,0.7737,1.3445,2.1182,2.2055,0.228,2.4335,4.4,<2.5,2,"1,723,327","18,268",0.014,0,125967000,%
Jordan,0,0.1397,0.5985,0.7382,14.138,0.3344,4.2637,4.5981,4.6624,0.6393,2.1431,0.1652,10.6308,40.6798,51.3106,0.1162,9.3186,3.8651,13.2999,0.728,1.9861,2.7141,4.7276,0,4.7276,33.4,12.2,12.2,"860,818","11,028",0.081,0.001,10679000,%
Kazakhstan,0,0.2914,0.2393,0.5307,6.5119,0.4584,14.3591,14.8175,3.2145,0.0255,5.4755,0.0845,10.2055,30.8394,41.0449,0.3611,19.1598,3.4501,22.971,0.1154,1.1215,1.2369,1.456,0,1.456,21.3,<2.5,2,"1,018,841","17,078",0.054,0.001,18732000,%
Kenya,0,0.211,0.4329,0.6439,15.1221,0.1447,8.7987,8.9434,4.6941,1.751,7.5828,0.0892,4.345,38.5589,42.9039,0.1175,11.4394,1.7336,13.2905,0.2686,0.6689,0.9375,1.8098,0,1.8098,6,29.4,29.4,"253,293","5,276",0.005,0,53528000,%
Kiribati,0,0.035,6.1065,6.1415,8.2747,0.164,0.1561,0.3201,5.8907,0.0032,7.183,0.1951,4.1389,41.1042,45.2431,0.0486,8.8958,2.3856,11.33,9.9946,0.4419,10.4365,4.1373,0,4.1373,45.6,2.7,2.7,,,0,0,125000,%
"Korea, North",0.001,0.066,1.1568,1.2238,17.9378,0.4668,0.3146,0.7814,6.1383,1.1,6.2438,0.0426,12.8082,46.6046,59.4128,0.001,3.3933,1.3872,4.7815,0.209,0.7783,0.9873,0.3694,0,0.3694,7.1,47.8,47.8,,,0,0,25779000,%
"Korea, South",1.6794,0.2378,3.4396,5.3568,11.7286,0.6414,1.1394,1.7808,3.6993,0.072,0.9799,0.1664,12.3349,38.181,50.5159,0.2553,11.8174,4.4239,16.4966,0.5632,1.1663,1.7295,2.4835,6.00E-04,2.4841,4.9,<2.5,2,"364,700","2,849",0.007,0,51781000,%
Kuwait,0.0022,0.1969,0.8343,1.0334,11.4132,1.3306,3.4788,4.8094,5.3058,0.4353,3.2296,0.1512,12.9953,39.275,52.2703,0.0022,10.7213,4.877,15.6005,0.2783,1.1976,1.4759,2.9163,0.0276,2.9439,37,2.8,2.8,"412,653","2,461",0.088,0.001,4691000,%
Kyrgyzstan,0,0.2604,0.07,0.3304,10.1059,0.2653,12.8008,13.0661,2.2846,0.3439,5.8068,0.1449,11.3219,34.5412,45.8631,0.191,15.4588,1.8707,17.5205,0.0098,0.355,0.3648,3.2495,0,3.2495,15.4,7.1,7.1,"181,186","2,668",0.027,0,6594000,%
Lao People's Democratic Republic,6.00E-04,0.1581,1.4213,1.58,16.3943,0.1063,0.1632,0.2695,8.8158,0.1485,3.4835,0.0028,11.641,46.3416,57.9826,0.0979,3.6579,1.7111,5.4669,0.3584,0.2149,0.5733,1.1101,1.9254,3.0355,4.5,16.5,16.5,"39,586",62,0.005,0,7242000,%
Latvia,5.00E-04,0.1686,1.3226,1.4917,6.3952,0.6645,11.8285,12.493,2.5738,0.0032,6.5835,0.0793,6.1946,31.1757,37.3703,1.1805,18.8216,3.6559,23.658,0.1107,0.699,0.8097,2.6169,0,2.6169,25.7,<2.5,2,"217,339","3,237",0.114,0.002,1902000,%
Lebanon,0,0.0853,0.7091,0.7944,11.8253,0.173,5.0748,5.2478,6.9852,0.5011,3.2676,0.5271,10.5128,41.9252,52.438,0.0796,8.0679,1.9469,10.0944,0.5052,1.4807,1.9859,5.1366,0,5.1366,31.3,11,11,"641,339","8,495",0.094,0.001,6825000,%
Lesotho,0,0.3924,0.2383,0.6307,23.4645,0.1204,2.7893,2.9097,1.8065,1.1603,7.1935,0.0052,3.3721,43.8988,47.2709,0.0233,6.0914,2.529,8.6437,0.0725,0.6786,0.7511,2.2079,0,2.2079,13.5,13.1,13.1,"21,634",658,0.01,0,2142000,%
Liberia,0,0.2311,0.7764,1.0075,16.1465,0.1598,0.1545,0.3143,5.3606,0.0977,15.3608,0.0779,3.1728,46.2383,49.4111,0.0264,3.7603,2.4123,6.199,0.4159,1.9567,2.3726,1.1236,1.1804,2.304,8.6,37.2,37.2,"5,812",287,0.001,0,5058000,%
Lithuania,9.00E-04,0.1301,1.5431,1.6741,6.4732,0.7,16.3529,17.0529,2.4007,0.4388,2.2766,0.055,4.4045,26.9471,31.3516,0.5316,23.049,3.7899,27.3705,0.0867,0.4924,0.5791,4.502,0,4.502,28.4,<2.5,2,"406,095","5,833",0.145,0.002,2794000,%
Luxembourg,0.0051,0.1036,1.6249,1.7336,5.1366,0.7875,7.4929,8.2804,4.4841,0.0399,2.2067,0.0308,4.8536,35.3838,40.2374,0.5443,14.6038,4.0469,19.195,0.1658,0.563,0.7288,8.1121,0,8.1121,24.2,<2.5,2,"81,683",843,0.129,0.001,632000,%
Madagascar,0.0024,0.2002,0.6267,0.8293,19.9604,0.077,2.5031,2.5801,5.0701,0.3708,14.4675,0.0261,1.8871,45.0869,46.974,0.0415,4.9125,1.4618,6.4158,0.1848,0.3115,0.4963,1.0922,0.5852,1.6774,4.5,44.4,44.4,"43,626",963,0.002,0,27691000,%
Malawi,0,0.1695,0.697,0.8665,10.6197,0.0829,0.2524,0.3353,8.4723,1.1841,20.2901,0.0161,3.9786,47.2242,51.2028,0.0814,2.7754,1.4923,4.3491,0.5436,0.204,0.7476,0.6412,0,0.6412,4.7,17.5,17.5,"61,794","2,300",0.003,0,19130000,%
Malaysia,0.0204,0.0789,5.3482,5.4475,17.3088,1.6596,0.53,2.1896,4.1713,0.2617,1.6568,0.0835,6.1678,37.3632,43.531,0.0882,12.6354,4.9092,17.6328,0.5801,1.6336,2.2137,3.903,0,3.903,15.3,2.5,2.5,"2,466,663","28,876",0.075,0.001,32781000,%
Maldives,0.0068,0.0019,8.7959,8.8046,11.5385,1.1422,2.3155,3.4577,6.0777,0.0808,1.6403,0.7569,7.718,35.7208,43.4388,0.0029,14.2704,2.0051,16.2784,0.2082,0.1819,0.3901,2.979,0.1002,3.0792,7.9,10.3,10.3,"87,487",243,0.162,0,541000,%
Mali,0,0.2746,0.7543,1.0289,19.8566,0.0573,7.1206,7.1779,3.8991,0.7955,2.6772,0.2374,7.2943,39.8262,47.1205,0.0444,10.1637,1.9124,12.1205,0.491,0.5144,1.0054,0.8811,0,0.8811,7.1,6.3,6.3,"16,038",563,0.001,0,20251000,%
Malta,0.0017,0.0747,1.7922,1.8686,7.8996,0.6714,6.2546,6.926,4.631,0.2197,2.059,0.1236,11.2856,36.3899,47.6755,0.2062,13.6092,4.6096,18.425,0.2899,0.486,0.7759,5.2164,0,5.2164,31,<2.5,2,"37,637",461,0.072,0.001,522000,%
Mauritania,0,0.4279,1.0025,1.4304,20.4873,0.2539,9.825,10.0789,1.2991,1.0999,1.0168,0,3.9784,34.9779,38.9563,0.1127,15.0193,3.3994,18.5314,0.0799,1.5716,1.6515,4.3166,0,4.3166,11.3,10.4,10.4,"37,275",795,0.008,0,4650000,%
Mauritius,0.0102,0.1173,2.1303,2.2578,17.1855,0.591,1.7166,2.3076,3.568,0.856,1.8348,0.0369,6.7122,40.7175,47.4297,0.0074,9.27,4.6992,13.9766,0.4479,2.049,2.4969,3.568,0,3.568,11.5,6.5,6.5,"17,698",166,0.014,0,1265000,%
Mexico,0.0201,0.3552,0.9656,1.3409,11.4325,1.2967,7.9917,9.2884,7.6794,0.7071,1.1644,0.1121,5.0713,34.8456,39.9169,0.1672,15.1527,4.3561,19.676,0.1947,0.6856,0.8803,3.2266,0,3.2266,28.4,3.6,3.6,"3,805,765","288,276",0.03,0.002,127792000,%
Mongolia,0,1.1411,0.044,1.1851,10.1415,0.3727,15.856,16.2287,1.0413,0.0366,2.6155,0.0137,4.3326,24.1046,28.4372,0.3846,25.8904,8.0929,34.3679,0.0266,0.555,0.5816,1.468,0,1.468,19.6,13.4,13.4,"359,396","1,734",0.107,0.001,3361000,%
Montenegro,0.0014,0.1132,0.6472,0.7618,5.0447,0.5542,17.9487,18.5029,5.7297,0.2113,1.1955,0.0948,5.0001,27.1612,32.1613,0.2067,22.8328,3.3604,26.3999,0.0865,0.4258,0.5123,6.0418,0,6.0418,24.9,<2.5,2,"143,785","2,100",0.231,0.003,622000,%
Morocco,0,0.1949,1.3901,1.585,18.7029,0.4848,3.754,4.2388,7.211,0.3306,3.4356,0.2549,7.286,41.5224,48.8084,0.1449,8.4754,2.5074,11.1277,0.1892,0.8168,1.006,2.6816,0,2.6816,25.6,3.4,3.4,"945,960","14,667",0.026,0,35952000,%
Mozambique,0,0.0852,1.1353,1.2205,13.1904,0.1932,1.6385,1.8317,2.8312,1.2809,22.2864,0.2011,2.7738,45.9864,48.7602,0.0297,4.0111,0.9302,4.971,0.1258,0.7509,0.8767,1.0649,0,1.0649,6,27.9,27.9,"151,270","1,930",0.005,0,31166000,%
Myanmar,0.0034,0.2298,4.0424,4.2756,16.7608,0.4613,3.6306,4.0919,4.0287,1.2806,1.4514,0.2913,7.0725,36.4807,43.5532,0.1751,13.5188,4.9753,18.6692,1.1003,0.6322,1.7325,2.8592,0,2.8592,5.7,10.6,10.6,"499,321","18,664",0.009,0,54704000,%
Namibia,0.0053,0.2207,1.0164,1.2424,9.9189,0.1196,5.4479,5.5675,3.1266,0.7298,12.8231,0.0114,2.3626,40.38,42.7426,0.1134,9.6094,2.6844,12.4072,0.0818,0.9531,1.0349,3.9848,9.00E-04,3.9857,15,27.3,27.3,"128,906","3,552",0.051,0.001,2541000,%
Nepal,0,0.1536,0.205,0.3586,18.1511,0.1435,3.9212,4.0647,4.7443,0.9107,6.0521,0.0978,9.277,44.5576,53.8346,0.0312,5.4355,0.9817,6.4484,0.0594,0.8209,0.8803,0.547,3.0677,3.6147,3.8,8.7,8.7,"812,194","11,399",0.027,0,29996000,%
Netherlands,0.0111,0.0397,1.1517,1.2025,4.9685,0.747,18.0051,18.7521,4.923,0.0852,4.2639,0.1587,3.2587,25.6959,28.9546,0.3343,24.2977,4.0105,28.6425,0.1111,0.8485,0.9596,2.3446,0,2.3446,23.1,<2.5,2,"2,163,794","18,836",0.124,0.001,17467000,%
New Caledonia,0.0804,0.1993,2.0361,2.3158,8.584,0.7494,2.7675,3.5169,5.5855,0.1275,2.5648,0.0376,5.5941,38.2208,43.8149,0.0821,11.7818,5.8687,17.7326,2.2961,1.3157,3.6118,3.1901,0,3.1901,NA,7.1,7.1,,,0,0,295000,%
New Zealand,0.017,0.1275,1.6771,1.8216,7.7522,0.7067,7.4627,8.1694,4.0202,0.2414,3.3719,0.1499,6.6889,32.4155,39.1044,0.7446,17.5777,6.8421,25.1644,0.3296,0.5364,0.866,3.8188,0.0109,3.8297,32,<2.5,2,"6,429",28,0.001,0,4987000,%
Nicaragua,0.003,0.2055,0.6557,0.8642,16.8052,0.549,8.5527,9.1017,3.8377,1.3618,1.9118,0.003,3.5808,36.8356,40.4164,0.0836,13.1538,3.1044,16.3418,0.3354,0.9227,1.2581,5.7021,0,5.7021,21.8,17,17,"16,422",208,0.002,0,6596000,%
Niger,0,0.2022,0.2022,0.4044,22.2843,0.0239,5.4224,5.4463,2.5503,3.4838,1.3489,0,10.6117,42.7585,53.3702,0.1185,7.2385,1.2702,8.6272,1.4804,0.3975,1.8779,0.3666,0,0.3666,4.7,16.5,16.5,"6,339",212,0,0,24189000,%
Nigeria,0,0.0627,0.7239,0.7866,10.922,0.1976,0.173,0.3706,4.4268,0.8311,19.5271,0.0841,6.2627,48.2585,54.5212,0.0151,1.7391,0.5675,2.3217,0.4763,0.8573,1.3336,0.6501,0,0.6501,7.8,13.4,13.4,"211,887","2,895",0.001,0,206140000,%
North Macedonia,0,0.1773,0.3507,0.528,7.3937,0.2847,8.8045,9.0892,5.0893,0.2847,3.6779,0.1796,14.5512,37.933,52.4842,0.3784,12.0639,2.0683,14.5106,0.3253,0.9505,1.2758,2.9104,0,2.9104,23.9,3.2,3.2,"202,203","7,121",0.097,0.003,2080000,%
Norway,5.00E-04,0.0893,2.7466,2.8364,5.9777,0.6194,13.5227,14.1421,4.2801,0.3204,2.8097,0.099,3.9131,28.7933,32.7064,0.6119,21.1992,3.6083,25.4194,0.3113,0.8697,1.181,2.2652,0,2.2652,25,<2.5,2,"206,653",900,0.038,0,5387000,%
Oman,0,0.1888,2.0105,2.1993,9.6835,0.5741,7.6265,8.2006,9.787,0.2776,1.6984,0.0521,10.8902,36.486,47.3762,0.0571,13.5101,3.0531,16.6203,0.1338,0.6995,0.8333,2.5903,0.0077,2.598,22.9,6.8,6.8,"304,241","4,111",0.065,0.001,4713000,%
Pakistan,0.0011,0.1969,0.1831,0.3811,14.6224,0.3577,19.6466,20.0043,2.4099,0.6993,1.8202,0.0852,2.2173,27.7226,29.9399,0.0969,22.2758,1.7957,24.1684,0.3577,0.3417,0.6994,2.6707,1.7915,4.4622,7.8,20.3,20.3,"1,273,078","28,449",0.006,0,220940000,%
Panama,0.0031,0.2873,1.005,1.2954,14.2627,0.4604,5.353,5.8134,6.6783,0.4129,1.3758,0.036,1.948,37.6619,39.6099,0.2467,12.3346,4.98,17.5613,0.4589,0.7645,1.2234,4.2277,0,4.2277,22.5,10,10,"472,534","7,315",0.11,0.002,4283000,%
Paraguay,0,0.4675,0.3119,0.7794,7.5639,0.9035,5.3208,6.2243,5.4532,0.6185,12.5302,0.0015,3.7113,38.726,42.4373,0.2191,11.2654,4.0434,15.5279,0.2745,1.0733,1.3478,2.4084,0,2.4084,19,10.7,10.7,"460,974","16,245",0.064,0.002,7255000,%
Peru,0.0014,0.3629,1.7993,2.1636,11.814,0.6431,4.0729,4.716,8.5783,0.6367,8.7924,0.023,4.8044,41.3344,46.1388,0.0316,8.6638,1.754,10.4494,0.2458,0.5066,0.7524,1.7339,0,1.7339,19.1,9.7,9.7,"2,200,908","200,217",0.067,0.006,32824000,%
Philippines,0,0.2717,2.4506,2.7223,20.0498,0.3527,0.1045,0.4572,8.5466,0.1106,2.8773,0.1838,5.4481,43.2905,48.7386,0.3074,6.7108,3.2257,10.2439,0.5425,0.4119,0.9544,2.3774,0,2.3774,6,13.3,13.3,"2,783,896","43,044",0.025,0,109581000,%
Poland,0,0.017,0.5845,0.6015,7.9033,0.3702,9.7542,10.1244,3.0079,0.1099,5.5631,0.0476,6.8655,33.439,40.3045,0.9842,16.559,4.85,22.3932,0.0798,0.3959,0.4757,2.4775,0,2.4775,25.6,<2.5,2,"3,018,100","76,990",0.079,0.002,38368000,%
Portugal,5.00E-04,0.2079,2.7295,2.9379,6.2984,0.4053,10.3936,10.7989,6.5126,0.1618,3.106,0.2319,7.3366,31.3374,38.674,0.4077,18.6614,4.5168,23.5859,0.0965,0.7246,0.8211,1.7316,0,1.7316,23.2,<2.5,2,"1,089,888","18,156",0.106,0.002,10255000,%
Republic of Moldova,0,0.1694,0.991,1.1604,11.6462,0.6795,10.9992,11.6787,3.4256,0.0642,3.9066,0.018,6.4285,33.464,39.8925,0.4339,16.5343,3.2622,20.2304,0.0616,0.825,0.8866,2.6632,0,2.6632,20.1,NA,NA,"337,115","7,751",0.095,0.002,3535000,%
Romania,0,0.1594,0.2844,0.4438,8.0412,0.6848,11.4018,12.0866,4.2115,0.1045,4.713,0.1093,9.3641,34.0679,43.432,0.3474,15.9287,3.0499,19.326,0.0974,0.7301,0.8275,1.4126,0,1.4126,24.5,<2.5,2,"1,640,607","47,324",0.085,0.002,19241000,%
Russian Federation,0.0023,0.2249,1.1312,1.3584,8.2803,0.9029,9.3253,10.2282,3.162,0.1426,6.3194,0.0118,6.3713,33.8472,40.2185,0.2486,16.1525,4.318,20.7191,0.1319,0.8663,0.9982,4.6144,0,4.6144,25.7,<2.5,2,,,0,0,146733000,%
Rwanda,0,0.0855,0.5279,0.6134,3.538,0.0269,1.3521,1.379,15.7285,2.5036,20.4415,0,2.7193,47.3634,50.0827,0.0186,2.6366,0.6257,3.2809,0.2233,0.2109,0.4342,0.5782,0,0.5782,4.8,36.8,36.8,"99,681","1,328",0.008,0,12952000,%
Saint Kitts and Nevis,0,0.3318,3.4174,3.7492,6.3135,0.3868,1.895,2.2818,7.5449,0.5422,2.715,0.0673,4.209,35.9677,40.1767,0.1735,14.0252,7.8207,22.0194,0.947,1.385,2.332,6.4623,0,6.4623,23.1,NA,NA,"2,669",23,0.049,0,54000,%
Saint Lucia,9.00E-04,0.4063,3.0652,3.4724,7.2091,0.3326,2.8881,3.2207,5.9453,0.5663,2.6427,0.0575,4.1169,35.0964,39.2133,0.0252,14.8893,8.17,23.0845,0.6274,0.6103,1.2377,3.7043,0,3.7043,19.8,NA,NA,"12,559",255,0.069,0.001,182000,%
Saint Vincent and the Grenadines,0,0.1672,1.3785,1.5457,9.0142,0.3412,2.2593,2.6005,10.471,0.6452,4.3734,0.0357,5.1371,38.9005,44.0376,0.022,11.0865,6.9184,18.0269,0.1049,0.7227,0.8276,3.4592,0,3.4592,23.8,5.7,5.7,"4,951",66,0.045,0.001,111000,%
Samoa,0.1236,0.1398,2.7788,3.0422,3.6768,0.1314,1.9647,2.0961,10.7845,0,7.6944,0.0108,1.1656,38.8349,40.0005,0.2262,11.163,5.7993,17.1885,10.5187,0.5117,11.0304,2.0811,0.0036,2.0847,45.5,2.7,2.7,,,0,0,2.00E+05,%
Sao Tome and Principe,0,0.0187,2.3033,2.322,7.3796,0.0562,0.5152,0.5714,18.2736,0.3109,3.7154,0.0024,0.857,45.8801,46.7371,0.022,4.1199,1.2054,5.3473,9.9865,0.7805,10.767,2.5939,0,2.5939,10.6,7,7,"3,712",56,0.018,0,210000,%
Saudi Arabia,0,0.1547,1.0369,1.1916,16.3284,0.6003,5.8598,6.4601,7.0413,0.4768,1.4542,0.1135,5.7024,37.0038,42.7062,0.3917,12.9962,4.9529,18.3408,0.1492,1.7626,1.9118,2.8571,9.00E-04,2.858,35,7.1,7.1,"548,571","8,793",0.016,0,35041000,%
Senegal,0,0.206,2.0588,2.2648,25.9204,0.1878,1.2496,1.4374,2.3456,0.4712,2.6177,0.1047,7.8951,44.6423,52.5374,0.0353,5.3434,1.6081,6.9868,0.7637,1.9325,2.6962,2.0941,0,2.0941,7.4,11.3,11.3,"73,917","1,878",0.004,0,16744000,%
Serbia,0,0.2389,0.4148,0.6537,9.7485,0.6322,11.619,12.2512,5.9753,0.1805,2.545,0.1268,7.3941,33.2476,40.6417,0.2524,16.7466,3.5893,20.5883,0.1322,0.4644,0.5966,2.0255,7.00E-04,2.0262,23.5,5.7,5.7,"1,137,820","9,890",0.164,0.001,6957000,%
Sierra Leone,0,0.0857,2.5044,2.5901,19.9349,0.1343,2.1711,2.3054,3.2119,0.8913,12.4228,0.1,4.5526,44.3138,48.8664,0.0067,5.6877,0.7837,6.4781,0.5999,1.276,1.8759,0.6323,0,0.6323,7.5,25.6,25.6,"6,397",121,0.001,0,7977000,%
Slovakia,0,0.2055,0.7045,0.91,5.4026,0.939,11.4696,12.4086,3.5463,0.0973,3.6814,0.1118,4.5601,31.0231,35.5832,1.3559,18.9841,4.3096,24.6496,0.2055,1.438,1.6435,5.5166,0,5.5166,22.4,3.4,3.4,"479,737","13,018",0.088,0.002,5462000,%
Slovenia,5.00E-04,0.1879,0.6515,0.8399,7.6345,0.5376,12.2569,12.7945,6.4367,0.1106,2.6837,0.1972,5.002,31.0774,36.0794,1.1248,18.9196,4.161,24.2054,0.1285,0.4739,0.6024,2.4915,0,2.4915,22.5,<2.5,2,"334,188","4,739",0.159,0.002,2103000,%
Solomon Islands,0.0121,0.0394,2.284,2.3355,9.0233,0.0826,0.438,0.5206,3.2798,0.7366,24.25,0.0356,1.1223,46.1492,47.2715,0.1038,3.8504,0.8897,4.8439,5.0334,0.3327,5.3661,0.8268,0,0.8268,20.5,8.9,8.9,,,0,0,715000,%
South Africa,9.00E-04,0.4448,0.5365,0.9822,17.1035,0.594,4.8155,5.4095,1.9355,0.1546,2.8503,0.0108,3.7632,38.1554,41.9186,0.0593,11.8433,5.3933,17.2959,0.2462,1.1726,1.4188,4.4677,0,4.4677,27,6.2,6.2,"2,921,886","89,163",0.049,0.001,59628000,%
Spain,0.0011,0.1605,2.2646,2.4262,6.0548,0.7321,9.5991,10.3312,4.8332,0.2666,3.0975,0.4287,7.8139,31.6581,39.472,0.2357,18.3382,5.3456,23.9195,0.265,1.5122,1.7772,1.8482,0,1.8482,27.1,<2.5,2,"5,011,148","87,368",0.105,0.002,47635000,%
Sri Lanka,0.0039,0.0998,3.0173,3.121,20.7839,0.4178,1.0948,1.5126,4.1171,0.9608,1.9793,0.135,4.8753,44.4618,49.3371,0.0147,5.5328,0.8845,6.432,7.1364,0.2466,7.383,2.7209,0,2.7209,5.4,9,9,"539,981","13,725",0.025,0.001,21937000,%
Sudan,0,0.2796,0.1018,0.3814,12.9192,0.1176,10.4116,10.5292,7.0919,1.0631,1.9167,0,8.3477,36.8813,45.229,0.0958,13.1178,2.1133,15.3269,0.492,0.9366,1.4286,3.1231,0.7262,3.8493,7.4,20.1,20.1,"40,433",3099,0.001,0,43849000,%
Suriname,0,0.0576,1.4348,1.4924,13.9476,0.5407,1.0789,1.6196,8.6872,0.1719,2.4553,0.0155,5.3705,43.1917,48.5622,0.0438,6.7984,3.6451,10.4873,0.6757,1.3351,2.0108,4.7051,0.3207,5.0258,26.5,8.5,8.5,"48,964","1,090",0.081,0.002,605000,%
Sweden,0,0.0086,1.7659,1.7745,6.1923,0.7266,16.3687,17.0953,3.5405,0.0937,2.8343,0.0996,4.611,25.9282,30.5392,1.0442,24.0627,4.1476,29.2545,0.1712,0.3967,0.5679,2.5211,0,2.5211,22.1,<2.5,2,"1,171,512","15,025",0.113,0.001,10377000,%
Switzerland,0.0022,0.1549,0.9109,1.068,5.9818,0.5377,16.706,17.2437,4.6041,0.0995,2.1542,0.2377,4.9478,27.5705,32.5183,0.4802,22.4227,3.6314,26.5343,0.1124,1.0637,1.1761,2.9737,0,2.9737,21.2,<2.5,2,"872,558","11,233",0.101,0.001,8634000,%
Taiwan*,0.0281,0.1507,2.3182,2.497,10.0808,1.09,2.3299,3.4199,8.3904,0.2077,0.8565,0.4185,9.1938,37.8684,47.0622,0.1577,12.1312,6.0558,18.3447,1.0736,1.8271,2.9007,2.3455,0.2826,2.6281,NA,3.5,3.5,"16,406",847,0.001,0,23610000,%
Tajikistan,0,0.2144,0.0342,0.2486,13.3691,0.2255,5.2373,5.4628,3.7863,0.2486,2.9278,0.0582,19.2995,42.7642,62.0637,0.0018,7.2363,1.5221,8.7602,0.1349,0.8419,0.9768,1.6607,0,1.6607,12.6,NA,NA,"17,486",125,0.002,0,9429000,%
Thailand,0.0325,0.1199,2.6297,2.7821,17.5571,1.1143,1.3279,2.4422,8.3291,0.2344,1.8887,0.0938,3.5962,42.2145,45.8107,0.0902,7.7828,2.4675,10.3405,1.2775,0.7816,2.0591,4.0424,0,4.0424,10.8,7.8,7.8,"1,903,165","19,158",0.029,0,66534000,%
Timor-Leste,0,0.1153,1.0225,1.1378,26.332,0.1025,0.1307,0.2332,2.1027,0.9098,5.5022,0.0013,3.1867,44.503,47.6897,0.0897,5.4983,4.0376,9.6256,0.5612,0.6842,1.2454,2.8203,0,2.8203,2.9,24.9,24.9,"19,789",122,0.015,0,1318000,%
Togo,0,0.0775,1.3178,1.3953,15.8144,0.1067,0.7246,0.8313,0.91,1.7626,20.0654,0,2.1637,46.3287,48.4924,0.0292,3.6702,1.4133,5.1127,0.4718,1.4099,1.8817,1.8312,0,1.8312,7.1,16.1,16.1,"26,068",242,0.003,0,8279000,%
Trinidad and Tobago,0,0.1837,2.3299,2.5136,13.0903,0.4044,2.8789,3.2833,4.9733,0.8939,3.5148,0.0928,3.5256,37.2145,40.7401,0.2804,12.7835,6.7063,19.7702,1.2016,1.2563,2.4579,5.62,0,5.62,19.7,5.5,5.5,"57,121","1,682",0.042,0.001,1369000,%
Tunisia,0,0.0926,0.7615,0.8541,12.0523,0.4508,6.4775,6.9283,5.4307,0.4311,1.7724,0.3489,15.7731,40.3673,56.1404,0.2083,9.6312,1.6411,11.4806,0.2031,1.2551,1.4582,2.0832,0,2.0832,27.3,4.3,4.3,"712,318","25,231",0.06,0.002,11896000,%
Turkey,0,0.0857,0.2582,0.3439,9.708,0.3956,9.3619,9.7575,6.8321,0.682,2.4947,0.4664,13.5284,37.6836,51.212,0.1459,12.3156,2.0694,14.5309,0.272,1.0174,1.2894,1.7004,0,1.7004,32.2,<2.5,2,"8,009,010","70,410",0.096,0.001,83737000,%
Turkmenistan,0,0.0589,0.2137,0.2726,14.8029,0.5139,10.5606,11.0745,4.1441,0.1032,2.3,0.0283,10.4014,33.9389,44.3403,0.3373,16.0611,4.3767,20.7751,0.0661,0.5655,0.6316,0.6746,0,0.6746,17.5,5.4,5.4,,,0,0,6031000,%
Uganda,0,0.113,1.0442,1.1572,6.748,0.0815,3.4755,3.557,11.3112,2.3942,12.361,0,2.6703,44.3536,47.0239,0.0352,5.6473,0.8978,6.5803,0.6338,0.744,1.3778,1.2601,0,1.2601,4.1,41,41,"126,075",3215,0.003,0,45741000,%
Ukraine,6.00E-04,0.1339,0.6821,0.8166,9.3613,0.8434,8.5442,9.3876,2.9418,0.1099,7.6721,0.0807,9.4361,36.8777,46.3138,0.1753,13.1214,2.7425,16.0392,0.0175,0.647,0.6645,3.8811,0,3.8811,26.1,3.5,3.5,"3,039,616","71,710",0.073,0.002,41778000,%
United Arab Emirates,0,0.2095,1.9682,2.1777,12.906,0.5958,2.6468,3.2426,8.1938,2.1108,0.8937,0.5838,8.2695,39.4461,47.7156,0.1896,10.5491,4.94,15.6787,0.6133,0.7949,1.4082,3.6576,0,3.6576,29.9,2.6,2.6,"739,824","2,136",0.076,0,9778000,%
United Kingdom,6.00E-04,0.1056,1.0911,1.1973,6.5412,0.621,12.3684,12.9894,4.9551,0.2035,5.1133,0.0901,4.5851,31.1116,35.6967,0.2754,18.8798,4.4181,23.5733,0.224,0.7372,0.9612,2.4383,0,2.4383,29.5,<2.5,2,"9,062,710","140,981",0.135,0.002,67160000,%
United Republic of Tanzania,0,0,0.5828,0.5828,10.4453,0.03,3.3606,3.3906,6.8147,2.1761,13.937,0.042,3.952,45.1973,49.1493,0.0403,4.8022,0.7902,5.6327,1.2839,0.9136,2.1975,1.0345,0,1.0345,7.1,30.7,30.7,"26,154",725,0,0,59734000,%
United States of America,0.002,0.0197,1.1287,1.1504,5.5048,0.786,12.8657,13.6517,4.5432,0.1893,2.839,0.1772,5.7249,28.7587,34.4836,0.1681,21.2352,6.2645,27.6678,0.3246,0.9889,1.3135,3.32,0,3.32,37.3,<2.5,2,"45,953,186","745,668",0.139,0.002,329878000,%
Uruguay,0,0.1168,0.6058,0.7226,10.251,0.7764,12.3906,13.167,5.3746,0.1936,3.044,0.0131,3.9333,32.1076,36.0409,0.21,17.8865,3.7863,21.8828,0.277,1.0337,1.3107,3.4102,0,3.4102,28.9,<2.5,2,"393,718","6,077",0.112,0.002,3531000,%
Uzbekistan,0,0.1748,0.1218,0.2966,10.5365,0.3566,11.7952,12.1518,5.215,0.0022,2.8891,0.0649,14.8354,35.554,50.3894,0.1353,14.4463,1.8621,16.4437,0.0287,0.6109,0.6396,0.5796,0,0.5796,15.3,6.3,6.3,"185,647",1321,0.005,0,34174000,%
Vanuatu,0,0.1776,2.1649,2.3425,6.4102,0.1875,1.2692,1.4567,5.8103,8.00E-04,12.7275,0.0038,3.9175,43.3737,47.2912,0.0793,6.6244,2.7466,9.4503,12.1763,0.3674,12.5437,1.3645,0,1.3645,23.5,7.2,7.2,,,0,0,321000,%
Venezuela (Bolivarian Republic of),0,0.2078,0.9456,1.1534,12.9253,0.3389,9.392,9.7309,7.646,0.3342,2.5643,9.00E-04,4.1474,35.2416,39.389,0.0403,14.7565,3.8328,18.6296,0.0281,1.3734,1.4015,3.4106,0,3.4106,25.2,21.2,21.2,"406,239","4,884",0.014,0,28645000,%
Vietnam,0.0042,0.4149,2.6392,3.0583,16.874,0.3077,0.6069,0.9146,5.9029,0.2032,1.0596,0.307,11.9508,41.4232,53.374,0.164,8.5765,4.4382,13.1787,0.841,0.2201,1.0611,1.2846,0.815,2.0996,2.1,9.3,9.3,"915,603","22,030",0.01,0,96209000,%
Yemen,0,0.2827,0.524,0.8067,27.2077,0.2579,1.8911,2.149,5.1344,0.8645,1.0794,0.0017,3.2135,44.2126,47.4261,0.0446,5.7874,2.7871,8.6191,0.0893,1.0811,1.1704,5.0468,0,5.0468,14.1,38.9,38.9,"9,779","1,880",0,0,29826000,%
Zambia,0,0.3048,1.6924,1.9972,21.1938,0.3399,1.757,2.0969,1.0183,0.1756,7.9649,0.0014,3.4649,43.9789,47.4438,0.0829,6.0197,1.8427,7.9453,1.8736,0.6657,2.5393,1.5632,0,1.5632,6.5,46.7,46.7,"209,722","3,661",0.011,0,18384000,%
Zimbabwe,0,0.2086,0.5518,0.7604,22.624,0.2678,4.431,4.6988,2.2,0.4261,2.987,0.0518,2.3213,41.8526,44.1739,0.0755,8.1489,2.6142,10.8386,0.4498,1.7103,2.1601,4.6485,0,4.6485,12.3,51.3,51.3,"132,926","4,675",0.009,0,14863000,%
